numPromo,descuento,condiciones,dia
1,0,generate extensible action-items,2018-12-26
2,0,mesh compelling content,2019-04-08
3,0,cultivate cross-platform bandwidth,2019-09-28
4,0,matrix B2C functionalities,2019-12-25
5,0,aggregate one-to-one portals,2019-08-28
6,0,engage out-of-the-box web-readiness,2019-04-10
7,0,deploy dynamic markets,2019-09-12
8,0,unleash integrated e-commerce,2019-09-24
9,0,target transparent relationships,2018-09-30
10,0,embrace compelling partnerships,2018-04-01
11,0,productize revolutionary infrastructures,2019-06-24
12,0,repurpose plug-and-play synergies,2018-07-16
13,0,extend web-enabled users,2019-05-14
14,0,benchmark bleeding-edge web services,2018-06-16
15,0,leverage bleeding-edge schemas,2019-02-21
16,0,monetize user-centric mindshare,2019-08-22
17,0,integrate impactful e-tailers,2018-06-17
18,0,envisioneer vertical architectures,2019-12-03
19,1,visualize visionary paradigms,2018-11-12
20,0,cultivate B2C synergies,2019-08-11
21,0,disintermediate customized paradigms,2018-10-07
22,0,enable magnetic partnerships,2018-09-26
23,0,redefine vertical content,2019-12-29
24,1,cultivate customized experiences,2018-08-15
25,0,cultivate user-centric channels,2018-10-05
26,0,unleash synergistic paradigms,2019-07-10
27,0,evolve real-time action-items,2018-12-05
28,0,enhance viral infomediaries,2018-05-21
29,0,target out-of-the-box niches,2018-06-14
30,0,enhance efficient methodologies,2019-11-22
31,0,reintermediate B2B metrics,2019-07-28
32,0,embrace enterprise ROI,2018-05-22
33,0,redefine distributed action-items,2019-10-28
34,1,orchestrate back-end e-markets,2018-09-13
35,0,implement rich infrastructures,2019-09-28
36,0,empower seamless platforms,2018-06-24
37,0,engineer wireless solutions,2018-10-29
38,0,grow 24/7 action-items,2019-08-14
39,0,utilize magnetic schemas,2019-02-24
40,0,innovate sexy partnerships,2018-12-16
41,0,recontextualize virtual web services,2019-10-16
42,0,benchmark user-centric bandwidth,2018-11-02
43,1,disintermediate global relationships,2018-05-16
44,1,optimize frictionless deliverables,2018-07-30
45,0,integrate intuitive platforms,2018-07-18
46,0,extend rich functionalities,2019-01-25
47,0,enhance bricks-and-clicks eyeballs,2018-10-23
48,0,enable scalable relationships,2018-03-09
49,0,streamline synergistic architectures,2018-11-29
50,0,embrace dynamic communities,2018-10-06
51,0,transition 24/365 deliverables,2019-10-07
52,0,scale value-added e-commerce,2018-03-11
53,0,reinvent visionary mindshare,2019-08-31
54,0,synthesize synergistic interfaces,2018-09-13
55,0,leverage innovative supply-chains,2018-06-24
56,0,redefine rich supply-chains,2018-09-07
57,0,monetize plug-and-play action-items,2018-12-14
58,0,cultivate integrated infrastructures,2019-05-10
59,0,utilize dot-com e-markets,2019-05-27
60,0,maximize dot-com solutions,2018-05-02
61,0,facilitate holistic e-services,2018-08-27
62,0,extend open-source metrics,2019-08-30
63,0,e-enable B2C infrastructures,2018-07-12
64,0,mesh next-generation vortals,2018-09-11
65,0,synergize seamless functionalities,2018-05-03
66,0,innovate viral e-markets,2018-11-02
67,0,innovate collaborative architectures,2018-11-03
68,0,generate clicks-and-mortar content,2019-10-26
69,0,embrace impactful architectures,2019-12-11
70,0,cultivate vertical methodologies,2019-06-15
71,0,seize rich metrics,2019-04-04
72,0,reinvent efficient e-markets,2019-10-22
73,0,enhance B2C interfaces,2018-11-22
74,0,matrix dynamic e-tailers,2019-01-28
75,0,brand leading-edge e-markets,2019-07-21
76,0,unleash viral mindshare,2019-04-30
77,0,brand rich markets,2018-04-03
78,0,strategize intuitive infomediaries,2019-04-12
79,0,transform dot-com action-items,2019-02-24
80,0,engineer enterprise metrics,2018-04-07
81,0,incubate integrated action-items,2019-08-25
82,0,syndicate innovative eyeballs,2018-12-18
83,0,innovate real-time users,2019-02-14
84,0,enable front-end deliverables,2019-03-14
85,0,reinvent B2B partnerships,2018-11-05
86,0,architect revolutionary models,2019-04-27
87,0,empower e-business e-markets,2018-05-14
88,0,engineer granular experiences,2019-10-28
89,0,leverage rich initiatives,2018-09-25
90,0,strategize rich supply-chains,2019-10-14
91,0,synergize clicks-and-mortar supply-chains,2019-09-20
92,0,deploy granular relationships,2019-09-16
93,0,syndicate rich experiences,2018-08-02
94,0,repurpose visionary bandwidth,2018-06-06
95,0,benchmark revolutionary vortals,2019-08-02
96,0,utilize vertical schemas,2018-07-04
97,0,utilize integrated metrics,2018-09-22
98,0,iterate strategic supply-chains,2018-06-24
99,1,whiteboard scalable networks,2018-06-14
100,0,orchestrate back-end e-services,2019-07-19
